articulo_id,articulo_name,detalla,contenido,conteo_palabras,rango_palabras
3,Artículo 3,Reglamentado por el Decreto Nacional 1060 de 2009,"Definiciones. Para los efectos de la presente ley se establecen las siguientes definiciones:
Régimen de Propiedad Horizontal: Sistema jurídico que regula el sometimiento a propiedad horizontal de un edificio o conjunto, construido o por construirse.
Reglamento de Propiedad Horizontal. Estatuto que regula los derechos y obligaciones específicas de los copropietarios de un edificio o conjunto sometido al régimen de propiedad horizontal. NOTA: Texto subrayado declarado EXEQUIBLE por la Corte Constitucional mediante Sentencia C-318 de 2002, ""bajo el entendido de que los moradores no propietarios de inmuebles sometidos al régimen de propiedad horizontal podrán ejercer ante las autoridades internas del mismo el derecho de petición, así como el de ser oídos en las decisiones que puedan afectarlos, conforme a lo expuesto en la parte motiva de esta sentencia.Igualmente, se declara la exequibilidad de las normas acusadas bajo el entendido de que, cuando se trate de la imposición de sanciones por parte de las autoridades internas del inmueble sometido al régimen de propiedad horizontal, habrá de respetarse y garantizarse a los no propietarios el ejercicio del derecho de defensa"".
Edificio: Construcción de uno o varios pisos levantados sobre un lote o terreno, cuya estructura comprende un número plural de unidades independientes, aptas para ser usadas de acuerdo con su destino natural o convencional, además de áreas y servicios de uso y utilidad general. Una vez sometido al régimen de propiedad horizontal, se conforma por bienes privados o de dominio particular y por bienes comunes.
Conjunto: Desarrollo inmobiliario conformado por varios edificios levantados sobre uno o varios lotes de terreno, que comparten, áreas y servicios de uso y utilidad general, como vías internas, estacionamientos, zonas verdes, muros de cerramiento, porterías, entre otros. Puede conformarse también por varias unidades de vivienda, comercio o industria, estructuralmente independientes.
Edificio o conjunto de uso residencial: Inmuebles cuyos bienes de dominio particular se encuentran destinados a la vivienda de personas, de acuerdo con la normatividad urbanística vigente.
Edificio o conjunto de uso comercial: Inmuebles cuyos bienes de dominio particular se encuentran destinados al desarrollo de actividades mercantiles, de conformidad con la normatividad urbanística vigente.
Edificio o conjunto de uso mixto: Inmuebles cuyos bienes de dominio particular tienen diversas destinaciones, tales como vivienda, comercio, industria u oficinas, de conformidad con la normatividad urbanística vigente.
Bienes privados o de dominio particular: Inmuebles debidamente delimitados, funcionalmente independientes, de propiedad y aprovechamiento exclusivo, integrantes de un edificio o conjunto sometido al régimen de propiedad horizontal, con salida a la vía pública directamente o por pasaje común.
Bienes comunes: Partes del edificio o conjunto sometido al régimen de propiedad horizontal pertenecientes en proindiviso a todos los propietarios de bienes privados, que por su naturaleza o destinación permiten o facilitan la existencia, estabilidad, funcionamiento, conservación, seguridad, uso, goce o explotación de los bienes de dominio particular.
Bienes comunes esenciales: Bienes indispensables para la existencia, estabilidad, conservación y seguridad del edificio o conjunto, así como los imprescindibles para el uso y disfrute de los bienes de dominio particular. Los demás tendrán el carácter de bienes comunes no esenciales. Se reputan bienes comunes esenciales, el terreno sobre o bajo el cual existan construcciones o instalaciones de servicios públicos básicos, los cimientos, la estructura, las circulaciones indispensables para aprovechamiento de bienes privados, las instalaciones generales de servicios públicos, las fachadas y los techos o losas que sirven de cubiertas a cualquier nivel.
Expensas comunes necesarias: Erogaciones necesarias causadas por la administración y la prestación de los servicios comunes esenciales requeridos para la existencia, seguridad y conservación de los bienes comunes del edificio o conjunto. Para estos efectos se entenderán esenciales los servicios necesarios, para el mantenimiento, reparación, reposición, reconstrucción y vigilancia de los bienes comunes, así como los servicios públicos esenciales relacionados con estos.
En los edificios o conjuntos de uso comercial, los costos de mercadeo tendrán el carácter de expensa común necesaria, sin perjuicio de las excepciones y restricciones que el reglamento de propiedad horizontal respectivo establezca.NOTA: Texto subrayado declarado exequible por la Corte Constitucional mediante Sentencia C-738 de 2002.
Las expensas comunes diferentes de las necesarias, tendrán carácter obligatorio cuando sean aprobadas por la mayoría calificada exigida para el efecto en la presente ley.
Coeficientes de copropiedad: Indices que establecen la participación porcentual de cada uno de los propie tarios de bienes de dominio particular en los bienes comunes del edificio o conjunto sometido al régimen de propiedad horizontal. Definen además su participación en la asamblea de propietarios y la proporción con que cada uno contribuirá en las expensas comunes del edificio o conjunto, sin perjuicio de las que se determinen por módulos de contribución, en edificios o conjuntos de uso comercial o mixto. NOTA: Texto subrayado declarado EXEQUIBLE por la Corte Constitucional mediante Sentencia C-522 de 2002.
Módulos de contribución: Indices que establecen la participación porcentual de los propietarios de bienes de dominio particular, en las expensas causadas en relación con los bienes y servicios comunes cuyo uso y goce corresponda a una parte o sector determinado del edificio o conjunto de uso comercial o mixto.
Propietario inicial: Titular del derecho de dominio sobre un inmueble determinado, que por medio de manifestación de voluntad contenida en escritura pública, lo somete al régimen de propiedad horizontal.
Area privada construida: Extensión superficiaria cubierta de cada bien privado, excluyendo los bienes comunes localizados dentro de sus linderos, de conformidad con las normas legales.
Area privada libre: Extensión superficiaria privada semidescubierta o descubierta, excluyendo los bienes comunes localizados dentro de sus linderos, de conformidad con las normas legales.",910,217-910
5,Artículo 5,Contenido de la escritura o reglamento de propiedad horizontal,"a escritura pública que contiene el reglamento de propiedad horizontal deberá incluir como mínimo:
1. El nombre e identificación del propietario.
2. El nombre distintivo del edificio o conjunto.
3. La determinación del terreno o terrenos sobre los cuales se levanta el edificio o conjunto, por su nomenclatura, área y linderos, indicando el título o títulos de adquisición y los correspondientes folios de matrícula inmobiliaria.
4. La identificación de cada uno de los bienes de dominio particular de acuerdo con los planos aprobados por la Oficina de Planeación Municipal o Distrital o por la entidad o persona que haga sus veces.
5. La determinación de los bienes comunes, con indicación de los que tengan el carácter de esenciales, y de aquellos cuyo uso se asigne a determinados sectores del edificio o conjunto, cuando fuere el caso.
6. Los coeficientes de copropiedad y los módulos de contribución, según el caso.
7. La destinación de los bienes de dominio particular que conforman el edificio o conjunto, la cual deberá ajustarse a las normas urbanísticas vigentes.
8. Las especificaciones de construcción y condiciones de seguridad y salubridad del edificio o conjunto.
Además de este contenido básico, los reglamentos de propiedad horizontal incluirán las regulaciones relacionadas con la administración, dirección y control de la persona jurídica que nace por ministerio de esta ley y las reglas que gobiernan la organización y funcionamiento del edificio o conjunto.
PARÁGRAFO 1º. En ningún caso las disposiciones contenidas en los reglamentos de propiedad horizontal podrán vulnerar las normas imperativas contenidas en esta ley y, en tal caso, se entenderán no escritas.
PARÁGRAFO 2º. En los municipios o distritos donde existan planos prediales georreferenciados, adoptados o debidamente aprobados por la autoridad catastral competente, estos podrán sustituir los elementos de determinación del terreno enunciados en el numeral tercero del presente artículo.
PARÁGRAFO 3º. Los reglamentos de propiedad horizontal de los edificios o conjuntos de uso comercial podrán consagrar, además del contenido mínimo previsto en esta ley, regulaciones tendientes a preservar el ejercicio efectivo y continuo de la actividad mercantil en los bienes privados, y a propender a su ubicación según el uso específico o sectorial al cual se encuentren destinados, así como las obligaciones específicas de los propietarios en relación con sus bienes privados.
PARÁGRAFO 4º. El reglamento de administración de la propiedad horizontal no podrá contener normas que prohíban la enajenación o gravamen de los bienes de dominio privado, ni limitar o prohibir la cesión de los mismos a cualquier título.",412,217-910
18,Artículo 18,Obligaciones de los propietarios respecto de los bienes de dominio particular o privado,"En relación con los bienes de dominio particular sus propietarios tienen las siguientes obligaciones:
1. Usarlos de acuerdo con su naturaleza y destinación, en la forma prevista en el reglamento de propiedad horizontal, absteniéndose de ejecutar acto alguno que comprometa la seguridad o solidez del edificio o conjunto, producir ruidos, molestias y actos que perturben la tranquilidad de los demás propietarios u ocupantes o afecten la salud pública.
En caso de uso comercial o mixto, el propietario o sus causahabientes, a cualquier título, solo podrán hacer servir la unidad privada a los fines u objetos convenidos en el reglamento de propiedad horizontal, salvo autorización de la asamblea. En el reglamento de copropiedad se establecerá la procedencia, requisitos y trámite aplicable al efecto. Ver Sentencia Corte Constitucional 738 de 2002
2. Ejecutar de inmediato l as reparaciones en sus bienes privados, incluidas las redes de servicios ubicadas dentro del bien privado, cuya omisión pueda ocasionar perjuicios al edificio o conjunto o a los bienes que lo integran, resarciendo los daños que ocasione por su descuido o el de las personas por las que deba responder.
3. El propietario del último piso, no puede elevar nuevos pisos o realizar nuevas construcciones sin la autorización de la asamblea, previo cumplimiento de las normas urbanísticas vigentes. Al propietario del piso bajo le está prohibido adelantar obras que perjudiquen la solidez de la construcción, tales como excavaciones, sótanos y demás, sin la autorización de la asamblea, previo cumplimiento de las normas urbanísticas vigentes.
4. Las demás previstas en esta ley y en el reglamento de propiedad horizontal.",262,217-910
19,Artículo 19,Reglamentado por el Decreto Nacional 1060 de 2009,"Alcance y naturaleza. Los bienes, los elementos y zonas de un edificio o conjunto que permiten o facilitan la existencia, estabilidad, funcionamiento, conservación, seguridad, uso o goce de los bienes de dominio particular, pertenecen en común y proindiviso a los propietarios de tales bienes privados, son indivisibles y, mientras conserven su carácter de bienes comunes, son inalienables e inembargables en forma separada de los bienes privados, no siendo objeto de impuesto alguno en forma separada de aquellos.
El derecho sobre estos bienes será ejercido en la forma prevista en la presente ley y en el respectivo reglamento de propiedad horizontal.
PARÁGRAFO 1º. Tendrán la calidad de comunes no solo los bienes indicados de manera expresa en el reglamento, sino todos aquellos señalados como tales en los planos aprobados con la licencia de construcción, o en el documento que haga sus veces.
PARÁGRAFO 2º. Sin perjuicio de la disposición según la cual los bienes comunes son inajenables en forma separada de los bienes de propiedad privada o particular, los reglamentos de propiedad horizontal de los edificios o conjuntos podrán autorizar la explotación económica de bienes comunes, siempre y cuando esta autorización no se extienda a la realización de negocios jurídicos que den lugar a la transferencia del derecho de dominio de los mismos. La explotación autorizada se ubicará de tal forma que no impida la circulación por las zonas comunes, no afecte la estructura de la edificación, ni contravenga disposiciones urbanísticas ni ambientales. Las contraprestaciones económicas así obtenidas serán para el beneficio común de la copropiedad y se destinarán al pago de expensas comunes del edificio o conjunto, o a los gastos de inversión, según lo decida la asamblea general.",279,217-910
20,Artículo 20,Desafectación de bienes comunes no esenciales,"Previa autorización de las autoridades municipales o distritales competentes de conformidad con las normas urbanísticas vigentes, la asamblea general, con el voto favorable de un número plural de propietarios de bienes de dominio privado que representen el setenta por ciento (70%) de los coeficientes de copropiedad de un conjunto o edificio, podrá desafectar la calidad de común de bienes comunes no esenciales, los cuales pasarán a ser del dominio particular de la persona jurídica que surge como efecto de la constitución al régimen de propiedad horizontal.NOTA: La Corte Constitucional se declaró inhibida para fallar sobre el aparte subrayado mediante Sentencia C-738-2002.
En todo caso, la desafectación de parqueaderos, de visitantes o de usuarios, estará condicionada a la reposición de igual o mayor número de estacionamientos con la misma destinación, previo cumplimiento de las normas urbanísticas aplicables en el municipio o distrito del que se trate.
PARÁGRAFO 1º. Sobre los bienes privados que surjan como efecto de la desafectación de bienes comunes no esenciales, podrán realizarse todos los actos o negocios jurídicos, no siendo contra la ley o contra el derecho ajeno, y serán objeto de todos los beneficios, cargas e impuestos inherentes a la propiedad inmobiliaria. Para estos efectos el administrador del edificio o conjunto actuará de conformidad con lo dispuesto por la asamblea general en el acto de desafectación y con observancia de las previsiones contenidas en el reglamento de propiedad horizontal.
PARÁGRAFO 2º. No se aplicarán las normas aquí previstas a la desafectación de los bienes comunes muebles y a los inmuebles por destinación o por adherencia, no esenciales, los cuales por su naturaleza son enajenables. La enajenación de estos bienes se realizará de conformidad con lo previsto en el reglamento de propiedad horizontal.NOTA: La Corte Constitucional se declaro inhibida para fallar sobre este artículo por ineptitud de la demanda, mediante Sentencia C-738-02.",305,217-910
24,Artículo 24,Entrega de los bienes comunes por parte del propietario inicial,"Se presume que la entrega de bienes comunes esenciales para el uso y goce de los bienes privados de un edificio o conjunto, tales como los elementos estructurales, accesos, escaleras y espesores, se efectúa de manera simultánea con la entrega de aquellos según las actas correspondientes.
Los bienes comunes de uso y goce general, ubicados en el edificio o conjunto, tales como zona de recreación y deporte y salones comunales, entre otros, se entregarán a la persona o personas designadas por la asamblea general o en su defecto al administrador definitivo, a más tardar cuando se haya terminado la construcción y enajenación de un número de bienes privados que represente por lo menos el cincuenta y uno por ciento (51%) de los coeficientes de copropiedad. La entrega deberá incluir los documentos garantía de los ascensores, bombas y demás equipos, expedidas por sus proveedores, así como los planos correspondientes a las redes eléctricas, hidrosanitarias y, en general, de los servicios públicos domiciliarios.
PARÁGRAFO 1º. Cuando se trate de conjuntos o proyectos construidos por etapas, los bienes comunes esenciales para el uso y goce de los bienes privados se referirán a aquellos localizados en cada uno de los edificios o etapas cuya construcción se haya concluido.
PARÁGRAFO 2º. Los bienes comunes deberán coincidir con lo señalado en el proyecto aprobado y lo indicado en el reglamento de propiedad horizontal.",227,217-910
25,Artículo 25,Obligatoriedad y efectos,"Modificado por el art. 43, Ley 2079 de 2021 <El texto adicionado es el siguiente> Todo reglamento de propiedad horizontal deberá señalar los coeficientes de copropiedad de los bienes de dominio particular que integran el conjunto o edificio, los cuales se calcularán de conformidad con lo establecido en la presente ley. Tales coeficientes determinarán:
1. La proporción de los derechos de cada uno de los propietarios de bienes privados sobre los bienes comunes del edificio, agrupación o conjunto.2. El porcentaje de participación en la asamblea general de propietarios, salvo en los casos que se exija votación nominal. Texto subrayado declarado EXEQUIBLE por la Corte Constitucional mediante Sentencia C-522 de 2002.
3. El índice de participación con que cada uno de los propietarios de bienes privados ha de contribuir a las expensas comunes del edifico o conjunto, mediante el pago de cuotas ordinarias y extraordinarias de administración, salvo cuando éstas se determinen de acuerdo con los módulos de contribución en la forma señalada en el reglamento. PARÁGRAFO 1°. Adicionado por el art. 43, Ley 2079 de 2021 <El texto adicionado es el siguiente>  La conformación de la Asamblea General de Copropietarios será potestativa para edificios o conjuntos de vivienda de interés social y vivienda de interés prioritario de 5 o menos unidades de vivienda. En caso de no constituirse Asamblea General de Copropietarios, el reglamento de propiedad horizontal deberá incluir la forma en la cual se tomarán decisiones.El texto original era el siguiente:",242,217-910
29,Artículo 29,Participación en las expensas comunes necesarias,"Los propietarios de los bienes privados de un edificio o conjunto estarán obligados a contribuir al pago de las expensas necesarias causadas por la administración y la prestación de servicios comunes esenciales para la existencia, seguridad y conservación de los bienes comunes, de acuerdo con el reglamento de propiedad horizontal.
Para efecto de las expensas comunes ordinarias, existirá solidaridad en su pago entre el propietario y el tenedor a cualquier título de bienes de dominio privado.
Igualmente, existirá solidaridad en su pago entre el propietario anterior y el nuevo propietario del respectivo bien privado, respecto de las expensas comunes no pagadas por el primero, al momento de llevarse a cabo la transferencia del derecho de dominio.En la escritura de transferencia de dominio de un bien inmueble sometido a propiedad horizontal, el notario exigirá paz y salvo de las contribuciones a las expensas comunes expedido por el Representante Legal de la copropiedad.
En caso de no contarse con el paz y salvo, se dejará constancia en la escritura de tal circunstancia, de la respectiva solicitud presentada al administrador de la copropiedad y de la solidaridad del nuevo propietario por las deudas que existan con la copropiedad.
PARÁGRAFO 1º.. Cuando el dominio de un bien privado perteneciere en común y proindiviso a dos o más personas, cada una de ellas será solidariamente responsable del pago de la totalidad de las expensas comunes correspondientes a dicho bien, sin perjuicio de repetir lo pagado contra sus comuneros, en la proporción que les corresponda.
PARÁGRAFO 2º. La obligación de contribuir oportunamente con las expensas comunes del edificio o conjunto se aplica aun cuando un propietario no ocupe su bien privado, o no haga uso efectivo de un determinado bien o servicio común.
PARÁGRAFO 3º. En los edificios residenciales y de oficinas, los propietarios de bienes de dominio particular ubicados en el primer piso no estarán obligados a contribuir al mantenimiento, reparación y reposición de ascensores, cuando para acceder a su parqueadero, depósito, a otros bienes de uso privado, o a bienes comunes de uso y goce general, no exista servicio de ascensor. Esta disposición será aplicable a otros edificios o conjuntos, cuando así lo prevea el reglamento d e propiedad horizontal correspondiente.PARÁGRAFO 4°.  Adicionado por el art. 44, Ley 2079 de 2021. <El texto adicionado es el siguiente> Cuando se trate de régimen de propiedad horizontal de Viviendas de Interés Social y Viviendas de Interés Prioritario de 5 o menos unidades de vivienda, la Asamblea General de Copropietarios o quien haga sus veces podrá determinar cuáles expensas asumirán los copropietarios.",425,217-910
37,Artículo 37,Integración y alcance de sus decisiones,"La asamblea general la constituirán los propietarios de bienes privados, o sus representantes o delegados, reunidos con el quórum y las condiciones previstas en esta ley y en el reglamento de propiedad horizontal.
Todos los propietarios de bienes privados que integran el edificio o conjunto tendrán derecho a participar en sus deliberaciones y a votar en ella. El voto de cada propietario equivaldrá al porcentaje del coeficiente de copropiedad del respectivo bien privado. NOTA: Inciso declarado EXEQUIBLE por la Corte Constitucional mediante Sentencia C-522 de 2002 ""en el entendido que cuando se trate de inmuebles destinados a vivienda, el voto de cada propietario equivaldrá al porcentaje de coeficiente de propiedad del respectivo bien privado, sólo para las decisiones de contenido económico conforme a lo expresado en la parte motiva de la sentencia"".
Las decisiones adoptadas de acuerdo con las normas legales y reglamentarias, son de obligatorio cumplimiento para todos los propietarios, inclusive para los ausentes o disidentes, para el administrador y demás órganos, y en lo pertinente para los usuarios y ocupantes del edificio o conjunto.
NOTA: Textos subrayados declarados EXEQUIBLES por la Corte Constitucional mediante Sentencia C-318 de 2002, ""bajo el entendido de que los moradores no propietarios de inmuebles sometidos al régimen de propiedad horizontal podrán ejercer ante las autoridades internas del mismo el derecho de petición, así como el de ser oídos en las decisiones que puedan afectarlos, conforme a lo expuesto en la parte motiva de esta sentencia.Igualmente, se declara la exequibilidad de las normas acusadas bajo el entendido de que, cuando se trate de la imposición de sanciones por parte de las autoridades internas del inmueble sometido al régimen de propiedad horizontal, habrá de respetarse y garantizarse a los no propietarios el ejercicio del derecho de defensa"".",292,217-910
38,Artículo 38,Naturaleza y funciones,"La asamblea general de propietarios es el órgano de dirección de la persona jurídica que surge por mandato de esta ley, y tendrá como funciones básicas las siguientes:
1. Nombrar y remover libremente al administrador y a su suplente cuando fuere el caso, para períodos determinados, y fijarle su remuneración.NOTA: Texto subrayado declarado EXEQUIBLE por la Corte Constitucional mediante Sentencia C-474 de 2004.
2. Aprobar o improbar los estados financieros y el presupuesto anual de ingresos y gastos que deberán someter a su consideración el Consejo Administrativo y el Administrador.
3. Nombrar y remover libremente a los miembros del comité de convivencia para períodos de un año, en los edificios o conjuntos de uso residencial.
4. Aprobar el presupuesto anual del edificio o conjunto y las cuotas para atender las expensas ordinarias o extraordinarias, así como incrementar el fondo de imprevistos, cuando fuere el caso.
5. Elegir y remover los miembros del consejo de administración y, cuando exista, al Revisor Fiscal y su suplente, para los períodos establecidos en el reglamento de propiedad horizontal, que en su defecto, será de un año.
6. Aprobar las reformas al reglamento de propiedad horizontal.
7. Decidir la desafectación de bienes comunes no esenciales, y autorizar su venta o división, cuando fuere el caso, y decidir, en caso de duda, sobre el carácter esencial o no de un bien común.
8. Decidir la reconstrucción del edificio o conjunto, de conformidad con lo previsto en la presente ley.
9. Decidir, salvo en el caso que corresponda al consejo de administración, sobre la procedencia de sanciones por incumplimiento de las obligaciones previstas en esta ley y en el reglamento de propiedad horizontal, con observancia del debido proceso y del derecho de defensa consagrado para el caso en el respectivo reglamento de propiedad horizontal.
10. Aprobar la disolución y liquidación de la persona Jurídica.
11. Otorgar autorización al administrador para realizar cualquier erogación con cargo al Fondo de Imprevistos de que trata la presente ley.
12. Las demás funciones fijadas en esta ley, en los decretos reglamentarios de la misma, y en el reglamento de propiedad horizontal.
PARÁGRAFO. La asamblea general podrá delegar en el Consejo de Administración, cuando exista, las funciones indicadas en el numeral 3 del presente artículo.",373,217-910
39,Artículo 39,Reuniones,"La Asamblea General se reunirá ordinariamente por lo menos una vez al año, en la fecha señalada en el reglamento de propiedad horizontal y, en silencio de este, dentro de los tres (3) meses siguientes al vencimiento de cada período presupuestal; con el fin de examinar la situación general de la persona jurídica, efectuar los nombramientos cuya elección le corresponda, considerar y aprobar las cuentas del último ejercicio y presupuesto para el siguiente año. La convocatoria la efectuará el administrador, con una antelación no inferior a quince (15) días calendario.
Se reunirá en forma extraordinaria cuando las necesidades imprevistas o urgentes del edificio o conjunto así lo ameriten, por convocatoria del administrador, del consejo de administración, del Revisor Fiscal o de un número plural de propietarios de bienes privados que representen por lo menos, la quinta parte de los coeficientes de copropiedad.
PARÁGRAFO 1º. Toda convocatoria se hará mediante comunicación enviada a cada uno de los propietarios de los bienes de dominio particular del edificio o conjunto, a la última dirección registrada por los mismos. Tratándose de asamblea extraordinaria, reuniones no presenciales y de decisiones por comunicación escrita, en el aviso se insertará el orden del día y en la misma no se podrán tomar decisiones sobre temas no previstos en este. NOTA: Texto subrayado declarado EXEQUIBLE por la Corte Constitucional mediante Sentencia C-318 de 2002, bajo el entendido de que los moradores no propietarios de inmuebles sometidos al régimen de propiedad horizontal podrán ejercer ante las autoridades internas del mismo el derecho de petición, así como el de ser oídos en las decisiones que puedan afectarlos, conforme a lo expuesto en la parte motiva de esta sentencia.'Igualmente, se declara la exequibilidad de las normas acusadas bajo el entendido de que, cuando se trate de la imposición de sanciones por parte de las autoridades internas del inmueble sometido al régimen de propiedad horizontal, habrá de respetarse y garantizarse a los no propietarios el ejercicio del derecho de defensa"".
PARÁGRAFO 2º. La convocatoria contendrá una relación de los propietarios que adeuden contribuciones a las expensas comunes.",345,217-910
42,Artículo 42,Reuniones no presenciales,"Siempre que ello se pueda probar, habrá reunión de la asamblea general cuando por cualquier medio los propietarios de bienes privados o sus representantes o delegados puedan deliberar y decidir por comunicación simultánea o sucesiva de conformidad con el quórum requerido para el respectivo caso. En este último caso, la sucesión de comunicaciones deberá ocurrir de manera inmediata de acuerdo con el medio empleado, de lo cual dará fe el revisor fiscal de la copropiedad. NOTA: Texto subrayado declarado EXEQUIBLE por la Corte Constitucional mediante Sentencia C-318 de 2002, ""bajo el entendido de que los moradores no propietarios de inmuebles sometidos al régimen de propiedad horizontal podrán ejercer ante las autoridades internas del mismo el derecho de petición, así como el de ser oídos en las decisiones que puedan afectarlos, conforme a lo expuesto en la parte motiva de esta sentencia.'Igualmente, se declara la exequibilidad de las normas acusadas bajo el entendido de que, cuando se trate de la imposición de sanciones por parte de las autoridades internas del inmueble sometido al régimen de propiedad horizontal, habrá de respetarse y garantizarse a los no propietarios el ejercicio del derecho de defensa"".
PARÁGRAFO. Para acreditar la validez de una reunión no presencial, deberá quedar prueba inequívoca, como fax, grabación magnetofónica o similar, donde sea claro el nombre del propietario que emite la comunicación, el contenido de la misma y la hora en que lo hace, así como la correspondiente copia de la convocatoria efectuada a los copropietarios.",246,217-910
43,Artículo 43,Decisiones por comunicación escrita,"Serán válidas las decisiones de la asamblea general cuando, convocada la totalidad de propietarios de unidades privadas, los deliberantes, sus representantes o delegados debidamente acreditados, expresen el sentido de su voto frente a una o varias decisiones concretas, señalando de manera expresa el nombre del copropietario que emite la comunicación, el contenido de la misma y la fecha y hora en que se hace. NOTA: Texto subrayado declarado EXEQUIBLE por la Corte Constitucional mediante Sentencia C-318 de 2002, ""bajo el entendido de que los moradores no propietarios de inmuebles sometidos al régimen de propiedad horizontal podrán ejercer ante las autoridades internas del mismo el derecho de petición, así como el de ser oídos en las decisiones que puedan afectarlos, conforme a lo expuesto en la parte motiva de esta sentencia.'Igualmente, se declara la exequibilidad de las normas acusadas bajo el entendido de que, cuando se trate de la imposición de sanciones por parte de las autoridades internas del inmueble sometido al régimen de propiedad horizontal, habrá de respetarse y garantizarse a los no propietarios el ejercicio del derecho de defensa""..
En este evento la mayoría respectiva se computará sobre el total de los coeficientes que integran el edificio o conjunto. Si los propietarios hubieren expresado su voto en documentos separados, estos deberán recibirse en un término máximo de un (1) mes, contado a partir del envío acreditado de la primera comunicación.",231,217-910
45,Artículo 45,Quórum y mayorías,"Con excepción de los casos en que la ley o el reglamento de propiedad horizontal exijan un quórum o mayoría superior y de las reuniones de segunda convocatoria previstas en el artículo 41, la asamblea general sesionará con un número plural de propietarios de unidades privadas que representen por lo menos, más de la mitad de los coeficientes de propiedad, y tomará decisiones con el voto favorable de la mitad más uno de los coeficientes de propiedad y tomará decisiones con el voto favorable de la mitad más uno de los coeficientes de propiedad representados en la respectiva sesión. NOTA: Texto subrayado declarado EXEQUIBLE por la Corte Constitucional mediante Sentencia C-318 de 2002, ""bajo el entendido de que los moradores no propietarios de inmuebles sometidos al régimen de propiedad horizontal podrán ejercer ante las autoridades internas del mismo el derecho de petición, así como el de ser oídos en las decisiones que puedan afectarlos, conforme a lo expuesto en la parte motiva de esta sentencia.'Igualmente, se declara la exequibilidad de las normas acusadas bajo el entendido de que, cuando se trate de la imposición de sanciones por parte de las autoridades internas del inmueble sometido al régimen de propiedad horizontal, habrá de respetarse y garantizarse a los no propietarios el ejercicio del derecho de defensa"".
Para ninguna decisión, salvo la relativa a la extinción de la propiedad horizontal, se podrá exigir una mayoría superior al setenta por ciento (70%) de los coeficientes que integran el edificio o conjunto. Las mayorías superiores previstas en los reglamentos se entenderán por no escritas y se asumirá que la decisión correspondiente se podrá tomar con el voto favorable de la mayoría calificada aquí indicada.
Las decisiones que se adopten en contravención a lo prescrito en este artículo, serán absolutamente nulas.NOTA: Texto subrayado declarado EXEQUIBLE por la Corte Constitucional mediante Sentencia C-738 de 2002, ""en los términos del fundamento jurídico número 14 de la parte considerativa de la presente sentencia"", que indica ""en cuanto la norma que ahora se acusa contiene reglas relativas a quórum y mayorías para deliberar y decidir en las reuniones de las asambleas generales de los conjuntos o edificios sujetos al régimen de propiedad horizontal, reglas que se establecen acudiendo al coeficiente de copropiedad de cada propietario de unidades privadas, debe entenderse, conforme a lo decidido en la mencionada sentencia C-522-02 de 2002, que tales reglas, en las copropiedades destinadas a vivienda, sólo se aplican para la adopción de decisiones de contenido económico.No obstante, en relación con las decisiones de contenido no económico en las copropiedades destinadas a vivienda, las reglas contenidas en el artículo que ahora se examina sigue teniendo aplicación en cuanto establece mayorías mínimas y máximas, pero ahora deben entenderse no referidas al índice de copropiedad, sino al número de votos emitidos, sobre la base de la fórmula 'una unidad un voto'. Es decir, donde la disposición contenida en el artículo 45 dice que el quórum para sesionar será 'un número plural de propietarios de unidades privadas que representen por lo menos, más de la mitad de los coeficientes de propiedad', el condicionamiento introducido al parágrafo 2° del artículo 37 de la Ley 675 de 2001 por la Sentencia C-522-02 de 2002 impone entender que tal quórum deliberatorio se conformará con  un número plural de propietarios de unidades privadas que represente por lo menos, más de la mitad delas unidades. Y donde el mismo artículo indica que la asamblea de copropietarios  'tomará decisiones con el voto favorable de la mitad más uno de los coeficientes de propiedad representados en la respectiva sesión' debe entenderse que, tratándose de decisiones de contenido no económico en conjuntos o edificios destinados a vivienda, la mayoría decisoria se conforma con la mitad más uno de los votos correspondientes las unidades presentes o representadas en la reunión.",633,217-910
46,Artículo 46,Decisiones que exigen mayoría calificada,"Como excepción a la norma general, las siguientes decisiones requerirán mayoría calificada del setenta por ciento (70%) de los coeficientes de copropiedad que integran el edificio o conjunto:
1. Cambios que afecten la destinación de los bienes comunes o impliquen una sensible disminución en uso y goce.
2. Imposición de expensas extraordinarias cuya cuantía total, durante la vigencia presupuestal, supere cuatro (4) veces el valor de las expensas necesarias mensuales.
3. Aprobación de expensas comunes diferentes de las necesarias.
4. Asignación de un bien común al uso y goce exclusivo de un determinado bien privado, cuando así lo haya solicitado un copropietario.
5. Reforma a los estatutos y reglamento.
6. Desafectación de un bien común no esencial.
7. Reconstrucción del edificio o conjunto destruido en proporción que represente por lo menos el setenta y cinco por ciento (75%).
8. Cambio de destinación genérica de los bienes de dominio particular, siempre y cuando se ajuste a la normatividad urbanística vigente.
9. Adquisición de inmuebles para el edificio o conjunto.
10. Liquidación y disolución.
PARÁGRAFO. Las decisiones previstas en este artículo no podrán tomarse en reuniones no presenciales, ni en reuniones de segunda convocatoria, salvo que en este último caso se obtenga la mayoría exigida por esta ley.NOTA: La Corte Constitucional se declaro inhibida para fallar sobre este artículo por ineptitud de la demanda, mediante Sentencia C-738 de 2002.",227,217-910
47,Artículo 47,Actas,"Las decisiones de la asamblea se harán constar en actas firmadas por el presidente y el secretario de la misma, en las cuales deberá indicarse si es ordinaria o extraordinaria, además la forma de la convocatoria, orden del día, nombre y calidad de los asistentes, su unidad privada y su respectivo coeficiente, y los votos emitidos en cada caso.
En los eventos en que la Asamblea decida encargar personas para verificar la redacción del acta, las personas encargadas deberán hacerlo dentro del término que establezca el reglamento, y en su defecto, dentro de los veinte (20) días hábiles siguientes a la fecha de la respectiva reunión.
Dentro de un lapso no superior a veinte (20) días hábiles contados a partir de la fecha de la reunión, el administrador debe poner a disposición de los propietarios del edificio o conjunto, copia completa del texto del acta en el lugar determinado como sede de la administración, e informar tal situación a cada uno de los propietarios. En el libro de actas se dejará constancia sobre la fecha y lugar de publicación.
La copia del acta debidamente suscrita será prueba suficiente de los hechos que consten en ella, mientras no se demuestre la falsedad de la copia o de las actas. El administrador deberá entregar copia del acta a quien se la solicite.
Parágrafo. Todo propietario a quien se le niegue la entrega de copia de acta, podrá acudir en reclamación ante el Alcalde Municipal o Distrital o su delegado, quien a su vez ordenará la entrega de la copia solicitada so pena de sanción de carácter policivo.
NOTA: Texto subrayado declarado EXEQUIBLE por la Corte Constitucional mediante Sentencia C-318 de 2002, ""bajo el entendido de que los moradores no propietarios de inmuebles sometidos al régimen de propiedad horizontal podrán ejercer ante las autoridades internas del mismo el derecho de petición, así como el de ser oídos en las decisiones que puedan afectarlos, conforme a lo expuesto en la parte motiva de esta sentencia.'Igualmente, se declara la exequibilidad de las normas acusadas bajo el entendido de que, cuando se trate de la imposición de sanciones por parte de las autoridades internas del inmueble sometido al régimen de propiedad horizontal, habrá de respetarse y garantizarse a los no propietarios el ejercicio del derecho de defensa"".
Ver el Concepto de la Sec. General 03 de 2008",391,217-910
49,Artículo 49,Impugnación de decisiones,"El administrador, el Revisor Fiscal y los propietarios de bienes privados, podrán impugnar las decisiones de la asamblea general de propietarios, cuando no se ajusten a las prescripciones legales o al reglamento de la propiedad horizontal. NOTA: Texto subrayado declarado EXEQUIBLE por la Corte Constitucional mediante Sentencia C-318 de 2002, ""bajo el entendido de que los moradores no propietarios de inmuebles sometidos al régimen de propiedad horizontal podrán ejercer ante las autoridades internas del mismo el derecho de petición, así como el de ser oídos en las decisiones que puedan afectarlos, conforme a lo expuesto en la parte motiva de esta sentencia.'Igualmente, se declara la exequibilidad de las normas acusadas bajo el entendido de que, cuando se trate de la imposición de sanciones por parte de las autoridades internas del inmueble sometido al régimen de propiedad horizontal, habrá de respetarse y garantizarse a los no propietarios el ejercicio del derecho de defensa"".
Inciso derogado por el literal c), art. 626, Ley 1564 de 2012. El texto del inciso derogado era el siguiente:La impugnación sólo podrá intentarse dentro de los dos (2) meses siguientes a la fecha de la comunicación o publicación de la respectiva acta. Será aplicable para efectos del presente artículo, el procedimiento consagrado en el artículo 194 del Código de Comercio o en las normas que lo modifiquen, adicionen o complementen.PARÁGRAFO. Exceptúanse de la disposición contenida en el presente artículo, las decisiones de la asamblea general, por medio de las cuales se impongan sanciones por incumplimiento de obligaciones no pecuniarias, que se regirán por lo dispuesto en el Capítulo Segundo, del Título II de la presente ley.",269,217-910
51,Artículo 51,Funciones del administrador,"La administración inmediata del edificio o conjunto estará a cargo del administrador, quien tiene facultades de ejecución, conservación, representación y recaudo. Sus funciones básicas son las siguientes:
1. Convocar a la asamblea a reuniones ordinarias o extraordinarias y someter a su aprobación el inventario y balance general de las cuentas del ejercicio anterior, y un presupuesto detallado de gastos e ingresos correspondientes al nuevo ejercicio anual, incluyendo las primas de seguros. 
2. Llevar directamente o ba jo su dependencia y responsabilidad, los libros de actas de la asamblea y de registro de propietarios y residentes, y atender la correspondencia relativa al edificio o conjunto.
3. Poner en conocimiento de los propietarios y residentes del edificio o conjunto, las actas de la asamblea general y del consejo de administración, si lo hubiere.
4. Preparar y someter a consideración del Consejo de Administración las cuentas anuales, el informe para la Asamblea General anual de propietarios, el presupuesto de ingresos y egresos para cada vigencia, el balance general de las cuentas del ejercicio anterior, los balances de prueba y su respectiva ejecución presupuestal.
5. Llevar bajo su dependencia y responsabilidad, la contabilidad del edificio o conjunto.
6. Administrar con diligencia y cuidado los bienes de dominio de la persona jurídica que surgen como consecuencia de la desafectación de bienes comunes no esenciales y destinarlos a los fines autorizados por la asamblea general en el acto de desafectación, de conformidad con el reglamento de propiedad horizontal.
7. Cuidar y vigilar los bienes comunes, y ejecutar los actos de administración, conservación y disposición de los mismos de conformidad con las facultades y restricciones fijadas en el reglamento de propiedad horizontal.
8. Cobrar y recaudar, directamente o a través de apoderados cuotas ordinarias y extraordinarias, multas, y en general, cualquier obligación de carácter pecuniario a cargo de los propietarios u ocupantes de bienes de dominio particular del edificio o conjunto, iniciando oportunamente el cobro judicial de las mismas, sin necesidad de autorización alguna.
9. Elevar a escritura pública y registrar las reformas al reglamento de propiedad horizontal aprobadas por la asamblea general de propietarios, e inscribir ante la entidad competente todos los actos relacionados con la existencia y representación legal de la persona jurídica.
10. Representar judicial y extrajudicialmente a la persona jurídica y conceder poderes especiales para tales fines, cuando la necesidad lo exija.
11. Notificar a los propietarios de bienes privados, por los medios que señale el respectivo reglamento de propiedad horizontal, las sanciones impuestas en su contra por la asamblea general o el consejo de administración, según el caso, por incumplimiento de obligaciones. NOTA: Texto subrayado declarado EXEQUIBLE por la Corte Constitucional mediante Sentencia C-318 de 2002, ""bajo el entendido de que los moradores no propietarios de inmuebles sometidos al régimen de propiedad horizontal podrán ejercer ante las autoridades internas del mismo el derecho de petición, así como el de ser oídos en las decisiones que puedan afectarlos, conforme a lo expuesto en la parte motiva de esta sentencia.'Igualmente, se declara la exequibilidad de las normas acusadas bajo el entendido de que, cuando se trate de la imposición de sanciones por parte de las autoridades internas del inmueble sometido al régimen de propiedad horizontal, habrá de respetarse y garantizarse a los no propietarios el ejercicio del derecho de defensa"".
12. Hacer efectivas las sanciones por incumplimiento de las obligaciones previstas en esta ley, en el reglamento de propiedad horizontal y en cualquier reglamento interno, que hayan sido impuestas por la asamblea general o el Consejo de Administración, según el caso, una vez se encuentren ejecutoriadas.
13. Expedir el paz y salvo de cuentas con la administración del edificio o conjunto cada vez que se produzca el cambio de tenedor o propietario de un bien de dominio particular.
14. Las demás funciones previstas en la presente ley en el reglamento de propiedad horizontal, así como las que defina la asamblea general de propietarios.
PARÁGRAFO. Cuando el administrador sea persona jurídica, su representante legal actuará en representación del edificio o conjunto.",666,217-910
53,Artículo 53,Obligatoriedad,"Los edificios o conjuntos de uso comercial o mixto, integrados por más de treinta (30) bienes privados excluyendo parqueaderos o depósitos, tendrán un consejo de administración, integrado por un número impar de tres (3) o más propietarios de las unidades privadas respectivas, o sus delegados. En aquellos que tengan un número igual o inferior a treinta (30) bienes privados, excluyendo parqueaderos y depósitos, será potestativo consagrar tal organismo en los reglamentos de propiedad horizontal. NOTA: Texto subrayado declarado EXEQUIBLE por la Corte Constitucional mediante Sentencia C-318 de 2002, ""bajo el entendido de que los moradores no propietarios de inmuebles sometidos al régimen de propiedad horizontal podrán ejercer ante las autoridades internas del mismo el derecho de petición, así como el de ser oídos en las decisiones que puedan afectarlos, conforme a lo expuesto en la parte motiva de esta sentencia.'Igualmente, se declara la exequibilidad de las normas acusadas bajo el entendido de que, cuando se trate de la imposición de sanciones por parte de las autoridades internas del inmueble sometido al régimen de propiedad horizontal, habrá de respetarse y garantizarse a los no propietarios el ejercicio del derecho de defensa"".
Para edificios o conjuntos de uso residencial, integrados por más de treinta (30) bienes privados excluyendo parqueaderos o depósitos, será potestativo consagrar tal organismo en los reglamentos de propiedad horizontal.",220,217-910
58,Artículo 58,Solución de conflictos,"Para la solución de los conflictos que se presenten entre los propietarios o tenedores del edificio o conjunto, o entre ellos y el administrador, el consejo de administración o cualquier otro órgano de dirección o control de la persona jurídica, en razón de la aplicación o interpretación de esta ley y del reglamento de propiedad horizontal, sin perjuicio de la competencia propia de las autoridades jurisdiccionales, se podrá acudir a:
1. Comité de Convivencia. Cuando se presente una controversia que pueda surgir con ocasión de la vida en edificios de uso residencial, su solución se podrá intentar mediante la intervención de un comité de convivencia elegido de conformidad con lo indicado en la presente ley, el cual intentará presentar fórmulas de arreglo, orientadas a dirimir las controversias y a fortalecer las relaciones de vecindad. Las consideraciones de este comité se consignarán en un acta, suscrita por las partes y por los miembros del comité y la participación en él será ad honorem.
2. Mecanismos alternos de solución de conflictos. Las partes podrán acudir, para la solución de conflictos, a los mecanismos alternos, de acuerdo con lo establecido en las normas legales que regulan la materia.
PARÁGRAFO 1º. Los miembros de los comités de con vivencia serán elegidos por la asamblea general de copropietarios, para un período de un (1) año y estará integrado por un número impar de tres (3) o más personas. NOTA: Texto subrayado declarado EXEQUIBLE por la Corte Constitucional mediante Sentencia C-318 de 2002, bajo el entendido descrito en el resuelve de la sentencia.
PARÁGRAFO 2º. El comité consagrado en el presente artículo, en ningún caso podrá imponer sanciones.
PARÁGRAFO 3º. Derogado por el literal c), art. 626, Ley 1564 de 2012.El texto derogado era el siguienteCuando se acuda a la autoridad jurisdiccional para resolver los conflictos referidos en el presente artículo, se dará el trámite previsto en el Capítulo II del Título XXIII del Código de Procedimiento Civil, o en las disposiciones que lo modifiquen, adicionen o complementen.",332,217-910
59,Artículo 59,Clases de sanciones por incumplimiento de obligaciones no pecuniarias,"El incumplimiento de las obligaciones no pecuniarias que tengan su consagración en la ley o en el reglamento de propiedad horizontal, por parte de los propietarios, tenedores o terceros por los que estos deban responder en los términos de la ley, dará lugar, previo requerimiento escrito, con indicación del plazo para que se ajuste a las normas que rigen la propiedad horizontal, si a ello hubiere lugar, a la imposición de las siguientes sanciones: NOTA: Texto subrayado declarado EXEQUIBLE por la Corte Constitucional mediante Sentencia C-318 de 2002, bajo el entendido de que los moradores no propietarios de inmuebles sometidos al régimen de propiedad horizontal podrán ejercer ante las autoridades internas del mismo el derecho de petición, así como el de ser oídos en las decisiones que puedan afectarlos, conforme a lo expuesto en la parte motiva de esta sentencia.'Igualmente, se declara la exequibilidad de las normas acusadas bajo el entendido de que, cuando se trate de la imposición de sanciones por parte de las autoridades internas del inmueble sometido al régimen de propiedad horizontal, habrá de respetarse y garantizarse a los no propietarios el ejercicio del derecho de defensa"".
1. Publicación en lugares de amplia circulación de la edificación o conjunto de la lista de los infractores con indicación expresa del hecho o acto que origina la sanción. NOTA: Numeral declarado EXEQUIBLE por la Sentencia C-328 de 2019.
2. Imposición de multas sucesivas, mientras persista el incumplimiento, que no podrán ser superiores, cada una, a dos (2) veces el valor de las expensas necesarias mensuales, a cargo del infractor, a la fecha de su imposición que, en todo caso, sumadas no podrán exceder de diez (10) veces las expensas necesarias mensuales a cargo del infractor.
3. Restricción al uso y goce de bienes de uso común no esenciales, como salones comunales y zonas de recreación y deporte.
PARÁGRAFO. En ningún caso se podrá restringir el uso de bienes comunes esenciales o de aquellos destinados a su uso exclusivo.
Ver Concepto del Min. Ambiente, Vivienda y Desarrollo Territorial 53886 de 2011.",341,217-910
