pregunta_id,articulo_id,responde
118,1,Hacia articulo
101,1,Hacia articulo
103,1,Hacia articulo
104,1,Hacia articulo
105,1,Hacia articulo
106,1,Hacia articulo
107,1,Hacia articulo
108,1,Hacia articulo
102,1,Hacia articulo
110,1,Hacia articulo
109,1,Hacia articulo
116,1,Hacia articulo
115,1,Hacia articulo
117,1,Hacia articulo
113,1,Hacia articulo
112,1,Hacia articulo
111,1,Hacia articulo
114,1,Hacia articulo
212,2,Hacia articulo
211,2,Hacia articulo
210,2,Hacia articulo
209,2,Hacia articulo
208,2,Hacia articulo
207,2,Hacia articulo
206,2,Hacia articulo
205,2,Hacia articulo
203,2,Hacia articulo
202,2,Hacia articulo
201,2,Hacia articulo
213,2,Hacia articulo
217,2,Hacia articulo
204,2,Hacia articulo
218,2,Hacia articulo
214,2,Hacia articulo
215,2,Hacia articulo
216,2,Hacia articulo
330,3,Hacia articulo
329,3,Hacia articulo
328,3,Hacia articulo
327,3,Hacia articulo
326,3,Hacia articulo
325,3,Hacia articulo
317,3,Hacia articulo
323,3,Hacia articulo
322,3,Hacia articulo
321,3,Hacia articulo
320,3,Hacia articulo
319,3,Hacia articulo
318,3,Hacia articulo
324,3,Hacia articulo
301,3,Hacia articulo
314,3,Hacia articulo
313,3,Hacia articulo
312,3,Hacia articulo
311,3,Hacia articulo
310,3,Hacia articulo
309,3,Hacia articulo
308,3,Hacia articulo
307,3,Hacia articulo
306,3,Hacia articulo
305,3,Hacia articulo
304,3,Hacia articulo
303,3,Hacia articulo
302,3,Hacia articulo
315,3,Hacia articulo
316,3,Hacia articulo
402,4,Hacia articulo
401,4,Hacia articulo
419,4,Hacia articulo
403,4,Hacia articulo
404,4,Hacia articulo
405,4,Hacia articulo
406,4,Hacia articulo
407,4,Hacia articulo
408,4,Hacia articulo
409,4,Hacia articulo
410,4,Hacia articulo
411,4,Hacia articulo
412,4,Hacia articulo
413,4,Hacia articulo
415,4,Hacia articulo
416,4,Hacia articulo
417,4,Hacia articulo
418,4,Hacia articulo
414,4,Hacia articulo
502,5,Hacia articulo
503,5,Hacia articulo
516,5,Hacia articulo
517,5,Hacia articulo
514,5,Hacia articulo
513,5,Hacia articulo
512,5,Hacia articulo
511,5,Hacia articulo
510,5,Hacia articulo
515,5,Hacia articulo
508,5,Hacia articulo
507,5,Hacia articulo
506,5,Hacia articulo
505,5,Hacia articulo
504,5,Hacia articulo
501,5,Hacia articulo
509,5,Hacia articulo
609,6,Hacia articulo
608,6,Hacia articulo
607,6,Hacia articulo
606,6,Hacia articulo
605,6,Hacia articulo
602,6,Hacia articulo
603,6,Hacia articulo
601,6,Hacia articulo
612,6,Hacia articulo
610,6,Hacia articulo
604,6,Hacia articulo
611,6,Hacia articulo
705,7,Hacia articulo
706,7,Hacia articulo
713,7,Hacia articulo
711,7,Hacia articulo
704,7,Hacia articulo
703,7,Hacia articulo
702,7,Hacia articulo
701,7,Hacia articulo
707,7,Hacia articulo
708,7,Hacia articulo
709,7,Hacia articulo
710,7,Hacia articulo
715,7,Hacia articulo
712,7,Hacia articulo
714,7,Hacia articulo
716,7,Hacia articulo
717,7,Hacia articulo
803,8,Hacia articulo
804,8,Hacia articulo
805,8,Hacia articulo
802,8,Hacia articulo
806,8,Hacia articulo
812,8,Hacia articulo
808,8,Hacia articulo
809,8,Hacia articulo
810,8,Hacia articulo
811,8,Hacia articulo
813,8,Hacia articulo
807,8,Hacia articulo
801,8,Hacia articulo
904,9,Hacia articulo
916,9,Hacia articulo
903,9,Hacia articulo
915,9,Hacia articulo
914,9,Hacia articulo
913,9,Hacia articulo
912,9,Hacia articulo
911,9,Hacia articulo
902,9,Hacia articulo
909,9,Hacia articulo
908,9,Hacia articulo
907,9,Hacia articulo
906,9,Hacia articulo
905,9,Hacia articulo
917,9,Hacia articulo
910,9,Hacia articulo
901,9,Hacia articulo
1006,10,Hacia articulo
1004,10,Hacia articulo
1005,10,Hacia articulo
1007,10,Hacia articulo
1008,10,Hacia articulo
1009,10,Hacia articulo
1011,10,Hacia articulo
1010,10,Hacia articulo
1003,10,Hacia articulo
1001,10,Hacia articulo
1002,10,Hacia articulo
1116,11,Hacia articulo
1103,11,Hacia articulo
1104,11,Hacia articulo
1105,11,Hacia articulo
1106,11,Hacia articulo
1101,11,Hacia articulo
1102,11,Hacia articulo
1109,11,Hacia articulo
1110,11,Hacia articulo
1111,11,Hacia articulo
1112,11,Hacia articulo
1113,11,Hacia articulo
1114,11,Hacia articulo
1115,11,Hacia articulo
1108,11,Hacia articulo
1107,11,Hacia articulo
1216,12,Hacia articulo
1215,12,Hacia articulo
1202,12,Hacia articulo
1203,12,Hacia articulo
1204,12,Hacia articulo
1205,12,Hacia articulo
1206,12,Hacia articulo
1207,12,Hacia articulo
1208,12,Hacia articulo
1209,12,Hacia articulo
1210,12,Hacia articulo
1211,12,Hacia articulo
1212,12,Hacia articulo
1213,12,Hacia articulo
1214,12,Hacia articulo
1201,12,Hacia articulo
1312,13,Hacia articulo
1309,13,Hacia articulo
1310,13,Hacia articulo
1313,13,Hacia articulo
1311,13,Hacia articulo
1314,13,Hacia articulo
1304,13,Hacia articulo
1306,13,Hacia articulo
1305,13,Hacia articulo
1303,13,Hacia articulo
1302,13,Hacia articulo
1301,13,Hacia articulo
1308,13,Hacia articulo
1315,13,Hacia articulo
1307,13,Hacia articulo
1407,14,Hacia articulo
1402,14,Hacia articulo
1419,14,Hacia articulo
1418,14,Hacia articulo
1417,14,Hacia articulo
1416,14,Hacia articulo
1415,14,Hacia articulo
1401,14,Hacia articulo
1413,14,Hacia articulo
1412,14,Hacia articulo
1414,14,Hacia articulo
1410,14,Hacia articulo
1409,14,Hacia articulo
1408,14,Hacia articulo
1406,14,Hacia articulo
1405,14,Hacia articulo
1404,14,Hacia articulo
1403,14,Hacia articulo
1411,14,Hacia articulo
1509,15,Hacia articulo
1501,15,Hacia articulo
1502,15,Hacia articulo
1503,15,Hacia articulo
1504,15,Hacia articulo
1505,15,Hacia articulo
1506,15,Hacia articulo
1510,15,Hacia articulo
1515,15,Hacia articulo
1512,15,Hacia articulo
1511,15,Hacia articulo
1507,15,Hacia articulo
1508,15,Hacia articulo
1514,15,Hacia articulo
1513,15,Hacia articulo
1618,16,Hacia articulo
1617,16,Hacia articulo
1616,16,Hacia articulo
1614,16,Hacia articulo
1612,16,Hacia articulo
1611,16,Hacia articulo
1610,16,Hacia articulo
1615,16,Hacia articulo
1608,16,Hacia articulo
1609,16,Hacia articulo
1601,16,Hacia articulo
1602,16,Hacia articulo
1603,16,Hacia articulo
1613,16,Hacia articulo
1604,16,Hacia articulo
1605,16,Hacia articulo
1606,16,Hacia articulo
1607,16,Hacia articulo
1701,17,Hacia articulo
1703,17,Hacia articulo
1704,17,Hacia articulo
1705,17,Hacia articulo
1713,17,Hacia articulo
1712,17,Hacia articulo
1711,17,Hacia articulo
1710,17,Hacia articulo
1709,17,Hacia articulo
1708,17,Hacia articulo
1707,17,Hacia articulo
1702,17,Hacia articulo
1706,17,Hacia articulo
1807,18,Hacia articulo
1808,18,Hacia articulo
1818,18,Hacia articulo
1817,18,Hacia articulo
1819,18,Hacia articulo
1816,18,Hacia articulo
1820,18,Hacia articulo
1821,18,Hacia articulo
1814,18,Hacia articulo
1813,18,Hacia articulo
1815,18,Hacia articulo
1811,18,Hacia articulo
1801,18,Hacia articulo
1812,18,Hacia articulo
1803,18,Hacia articulo
1804,18,Hacia articulo
1802,18,Hacia articulo
1806,18,Hacia articulo
1809,18,Hacia articulo
1810,18,Hacia articulo
1805,18,Hacia articulo
1911,19,Hacia articulo
1906,19,Hacia articulo
1907,19,Hacia articulo
1908,19,Hacia articulo
1909,19,Hacia articulo
1910,19,Hacia articulo
1912,19,Hacia articulo
1918,19,Hacia articulo
1914,19,Hacia articulo
1915,19,Hacia articulo
1916,19,Hacia articulo
1917,19,Hacia articulo
1919,19,Hacia articulo
1920,19,Hacia articulo
1921,19,Hacia articulo
1922,19,Hacia articulo
1913,19,Hacia articulo
1901,19,Hacia articulo
1902,19,Hacia articulo
1903,19,Hacia articulo
1904,19,Hacia articulo
1905,19,Hacia articulo
2015,20,Hacia articulo
2013,20,Hacia articulo
2011,20,Hacia articulo
2014,20,Hacia articulo
2012,20,Hacia articulo
2017,20,Hacia articulo
2010,20,Hacia articulo
2009,20,Hacia articulo
2008,20,Hacia articulo
2007,20,Hacia articulo
2006,20,Hacia articulo
2005,20,Hacia articulo
2004,20,Hacia articulo
2003,20,Hacia articulo
2016,20,Hacia articulo
2002,20,Hacia articulo
2001,20,Hacia articulo
2116,21,Hacia articulo
2101,21,Hacia articulo
2102,21,Hacia articulo
2103,21,Hacia articulo
2104,21,Hacia articulo
2106,21,Hacia articulo
2107,21,Hacia articulo
2108,21,Hacia articulo
2109,21,Hacia articulo
2110,21,Hacia articulo
2111,21,Hacia articulo
2112,21,Hacia articulo
2113,21,Hacia articulo
2114,21,Hacia articulo
2115,21,Hacia articulo
2105,21,Hacia articulo
2201,22,Hacia articulo
2203,22,Hacia articulo
2208,22,Hacia articulo
2206,22,Hacia articulo
2205,22,Hacia articulo
2202,22,Hacia articulo
2204,22,Hacia articulo
2210,22,Hacia articulo
2211,22,Hacia articulo
2207,22,Hacia articulo
2209,22,Hacia articulo
2313,23,Hacia articulo
2311,23,Hacia articulo
2302,23,Hacia articulo
2301,23,Hacia articulo
2310,23,Hacia articulo
2309,23,Hacia articulo
2308,23,Hacia articulo
2307,23,Hacia articulo
2306,23,Hacia articulo
2305,23,Hacia articulo
2312,23,Hacia articulo
2314,23,Hacia articulo
2303,23,Hacia articulo
2304,23,Hacia articulo
2411,24,Hacia articulo
2406,24,Hacia articulo
2405,24,Hacia articulo
2404,24,Hacia articulo
2403,24,Hacia articulo
2402,24,Hacia articulo
2401,24,Hacia articulo
2409,24,Hacia articulo
2410,24,Hacia articulo
2407,24,Hacia articulo
2412,24,Hacia articulo
2413,24,Hacia articulo
2408,24,Hacia articulo
2414,24,Hacia articulo
2415,24,Hacia articulo
2416,24,Hacia articulo
2519,25,Hacia articulo
2517,25,Hacia articulo
2518,25,Hacia articulo
2515,25,Hacia articulo
2514,25,Hacia articulo
2513,25,Hacia articulo
2512,25,Hacia articulo
2511,25,Hacia articulo
2510,25,Hacia articulo
2509,25,Hacia articulo
2508,25,Hacia articulo
2507,25,Hacia articulo
2505,25,Hacia articulo
2504,25,Hacia articulo
2503,25,Hacia articulo
2501,25,Hacia articulo
2516,25,Hacia articulo
2502,25,Hacia articulo
2506,25,Hacia articulo
2512,25,Hacia articulo
2514,25,Hacia articulo
2513,25,Hacia articulo
2502,25,Hacia articulo
2511,25,Hacia articulo
2510,25,Hacia articulo
2509,25,Hacia articulo
2508,25,Hacia articulo
2506,25,Hacia articulo
2505,25,Hacia articulo
2504,25,Hacia articulo
2503,25,Hacia articulo
2501,25,Hacia articulo
2507,25,Hacia articulo
2601,26,Hacia articulo
2603,26,Hacia articulo
2604,26,Hacia articulo
2605,26,Hacia articulo
2606,26,Hacia articulo
2607,26,Hacia articulo
2608,26,Hacia articulo
2609,26,Hacia articulo
2610,26,Hacia articulo
2611,26,Hacia articulo
2612,26,Hacia articulo
2613,26,Hacia articulo
2602,26,Hacia articulo
2707,27,Hacia articulo
2706,27,Hacia articulo
2703,27,Hacia articulo
2704,27,Hacia articulo
2705,27,Hacia articulo
2715,27,Hacia articulo
2714,27,Hacia articulo
2713,27,Hacia articulo
2712,27,Hacia articulo
2711,27,Hacia articulo
2710,27,Hacia articulo
2709,27,Hacia articulo
2708,27,Hacia articulo
2702,27,Hacia articulo
2701,27,Hacia articulo
2810,28,Hacia articulo
2809,28,Hacia articulo
2808,28,Hacia articulo
2807,28,Hacia articulo
2806,28,Hacia articulo
2805,28,Hacia articulo
2804,28,Hacia articulo
2803,28,Hacia articulo
2802,28,Hacia articulo
2801,28,Hacia articulo
2917,29,Hacia articulo
2907,29,Hacia articulo
2905,29,Hacia articulo
2906,29,Hacia articulo
2904,29,Hacia articulo
2902,29,Hacia articulo
2901,29,Hacia articulo
2908,29,Hacia articulo
2909,29,Hacia articulo
2910,29,Hacia articulo
2911,29,Hacia articulo
2912,29,Hacia articulo
2913,29,Hacia articulo
2914,29,Hacia articulo
2915,29,Hacia articulo
2916,29,Hacia articulo
2903,29,Hacia articulo
2918,29,Hacia articulo
2920,29,Hacia articulo
2919,29,Hacia articulo
3002,30,Hacia articulo
3018,30,Hacia articulo
3017,30,Hacia articulo
3016,30,Hacia articulo
3015,30,Hacia articulo
3014,30,Hacia articulo
3013,30,Hacia articulo
3012,30,Hacia articulo
3001,30,Hacia articulo
3010,30,Hacia articulo
3009,30,Hacia articulo
3008,30,Hacia articulo
3007,30,Hacia articulo
3006,30,Hacia articulo
3005,30,Hacia articulo
3004,30,Hacia articulo
3011,30,Hacia articulo
3003,30,Hacia articulo
3102,31,Hacia articulo
3103,31,Hacia articulo
3104,31,Hacia articulo
3105,31,Hacia articulo
3106,31,Hacia articulo
3109,31,Hacia articulo
3108,31,Hacia articulo
3101,31,Hacia articulo
3110,31,Hacia articulo
3111,31,Hacia articulo
3112,31,Hacia articulo
3113,31,Hacia articulo
3107,31,Hacia articulo
3317,33,Hacia articulo
3313,33,Hacia articulo
3315,33,Hacia articulo
3314,33,Hacia articulo
3312,33,Hacia articulo
3311,33,Hacia articulo
3310,33,Hacia articulo
3309,33,Hacia articulo
3307,33,Hacia articulo
3306,33,Hacia articulo
3305,33,Hacia articulo
3304,33,Hacia articulo
3303,33,Hacia articulo
3302,33,Hacia articulo
3301,33,Hacia articulo
3316,33,Hacia articulo
3308,33,Hacia articulo
3414,34,Hacia articulo
3409,34,Hacia articulo
3405,34,Hacia articulo
3404,34,Hacia articulo
3403,34,Hacia articulo
3402,34,Hacia articulo
3401,34,Hacia articulo
3408,34,Hacia articulo
3410,34,Hacia articulo
3415,34,Hacia articulo
3411,34,Hacia articulo
3412,34,Hacia articulo
3413,34,Hacia articulo
3406,34,Hacia articulo
3407,34,Hacia articulo
3503,35,Hacia articulo
3504,35,Hacia articulo
3505,35,Hacia articulo
3506,35,Hacia articulo
3507,35,Hacia articulo
3508,35,Hacia articulo
3509,35,Hacia articulo
3510,35,Hacia articulo
3511,35,Hacia articulo
3512,35,Hacia articulo
3513,35,Hacia articulo
3502,35,Hacia articulo
3501,35,Hacia articulo
3603,36,Hacia articulo
3607,36,Hacia articulo
3605,36,Hacia articulo
3606,36,Hacia articulo
3608,36,Hacia articulo
3609,36,Hacia articulo
3610,36,Hacia articulo
3604,36,Hacia articulo
3602,36,Hacia articulo
3611,36,Hacia articulo
3612,36,Hacia articulo
3601,36,Hacia articulo
3701,37,Hacia articulo
3703,37,Hacia articulo
3704,37,Hacia articulo
3705,37,Hacia articulo
3706,37,Hacia articulo
3707,37,Hacia articulo
3708,37,Hacia articulo
3709,37,Hacia articulo
3710,37,Hacia articulo
3711,37,Hacia articulo
3712,37,Hacia articulo
3714,37,Hacia articulo
3715,37,Hacia articulo
3716,37,Hacia articulo
3717,37,Hacia articulo
3718,37,Hacia articulo
3719,37,Hacia articulo
3720,37,Hacia articulo
3721,37,Hacia articulo
3713,37,Hacia articulo
3702,37,Hacia articulo
3826,38,Hacia articulo
3801,38,Hacia articulo
3825,38,Hacia articulo
3824,38,Hacia articulo
3823,38,Hacia articulo
3822,38,Hacia articulo
3821,38,Hacia articulo
3820,38,Hacia articulo
3819,38,Hacia articulo
3817,38,Hacia articulo
3816,38,Hacia articulo
3815,38,Hacia articulo
3814,38,Hacia articulo
3818,38,Hacia articulo
3812,38,Hacia articulo
3802,38,Hacia articulo
3813,38,Hacia articulo
3804,38,Hacia articulo
3805,38,Hacia articulo
3806,38,Hacia articulo
3803,38,Hacia articulo
3808,38,Hacia articulo
3809,38,Hacia articulo
3810,38,Hacia articulo
3811,38,Hacia articulo
3807,38,Hacia articulo
3902,39,Hacia articulo
3903,39,Hacia articulo
3904,39,Hacia articulo
3905,39,Hacia articulo
3906,39,Hacia articulo
3907,39,Hacia articulo
3908,39,Hacia articulo
3909,39,Hacia articulo
3910,39,Hacia articulo
3912,39,Hacia articulo
3911,39,Hacia articulo
3914,39,Hacia articulo
3922,39,Hacia articulo
3921,39,Hacia articulo
3920,39,Hacia articulo
3919,39,Hacia articulo
3918,39,Hacia articulo
3917,39,Hacia articulo
3913,39,Hacia articulo
3901,39,Hacia articulo
3915,39,Hacia articulo
3916,39,Hacia articulo
4007,40,Hacia articulo
4006,40,Hacia articulo
4004,40,Hacia articulo
4003,40,Hacia articulo
4002,40,Hacia articulo
4005,40,Hacia articulo
4001,40,Hacia articulo
4012,40,Hacia articulo
4011,40,Hacia articulo
4010,40,Hacia articulo
4009,40,Hacia articulo
4008,40,Hacia articulo
4115,41,Hacia articulo
4114,41,Hacia articulo
4113,41,Hacia articulo
4109,41,Hacia articulo
4111,41,Hacia articulo
4110,41,Hacia articulo
4108,41,Hacia articulo
4107,41,Hacia articulo
4106,41,Hacia articulo
4104,41,Hacia articulo
4102,41,Hacia articulo
4101,41,Hacia articulo
4112,41,Hacia articulo
4105,41,Hacia articulo
4103,41,Hacia articulo
4205,42,Hacia articulo
4218,42,Hacia articulo
4217,42,Hacia articulo
4216,42,Hacia articulo
4206,42,Hacia articulo
4212,42,Hacia articulo
4213,42,Hacia articulo
4214,42,Hacia articulo
4204,42,Hacia articulo
4215,42,Hacia articulo
4202,42,Hacia articulo
4201,42,Hacia articulo
4211,42,Hacia articulo
4210,42,Hacia articulo
4209,42,Hacia articulo
4208,42,Hacia articulo
4207,42,Hacia articulo
4203,42,Hacia articulo
4302,43,Hacia articulo
4301,43,Hacia articulo
4303,43,Hacia articulo
4306,43,Hacia articulo
4305,43,Hacia articulo
4307,43,Hacia articulo
4308,43,Hacia articulo
4309,43,Hacia articulo
4310,43,Hacia articulo
4311,43,Hacia articulo
4312,43,Hacia articulo
4313,43,Hacia articulo
4314,43,Hacia articulo
4315,43,Hacia articulo
4304,43,Hacia articulo
4405,44,Hacia articulo
4402,44,Hacia articulo
4403,44,Hacia articulo
4404,44,Hacia articulo
4406,44,Hacia articulo
4401,44,Hacia articulo
4408,44,Hacia articulo
4409,44,Hacia articulo
4410,44,Hacia articulo
4411,44,Hacia articulo
4412,44,Hacia articulo
4413,44,Hacia articulo
4414,44,Hacia articulo
4415,44,Hacia articulo
4416,44,Hacia articulo
4407,44,Hacia articulo
4417,44,Hacia articulo
4511,45,Hacia articulo
4512,45,Hacia articulo
4513,45,Hacia articulo
4514,45,Hacia articulo
4515,45,Hacia articulo
4509,45,Hacia articulo
4501,45,Hacia articulo
4508,45,Hacia articulo
4507,45,Hacia articulo
4506,45,Hacia articulo
4510,45,Hacia articulo
4504,45,Hacia articulo
4503,45,Hacia articulo
4502,45,Hacia articulo
4505,45,Hacia articulo
4622,46,Hacia articulo
4621,46,Hacia articulo
4620,46,Hacia articulo
4619,46,Hacia articulo
4618,46,Hacia articulo
4617,46,Hacia articulo
4616,46,Hacia articulo
4615,46,Hacia articulo
4614,46,Hacia articulo
4613,46,Hacia articulo
4611,46,Hacia articulo
4610,46,Hacia articulo
4623,46,Hacia articulo
4608,46,Hacia articulo
4607,46,Hacia articulo
4606,46,Hacia articulo
4605,46,Hacia articulo
4603,46,Hacia articulo
4602,46,Hacia articulo
4601,46,Hacia articulo
4612,46,Hacia articulo
4609,46,Hacia articulo
4604,46,Hacia articulo
4717,47,Hacia articulo
4706,47,Hacia articulo
4705,47,Hacia articulo
4704,47,Hacia articulo
4701,47,Hacia articulo
4702,47,Hacia articulo
4703,47,Hacia articulo
4707,47,Hacia articulo
4718,47,Hacia articulo
4720,47,Hacia articulo
4721,47,Hacia articulo
4722,47,Hacia articulo
4723,47,Hacia articulo
4724,47,Hacia articulo
4716,47,Hacia articulo
4719,47,Hacia articulo
4725,47,Hacia articulo
4726,47,Hacia articulo
4709,47,Hacia articulo
4715,47,Hacia articulo
4714,47,Hacia articulo
4713,47,Hacia articulo
4712,47,Hacia articulo
4711,47,Hacia articulo
4708,47,Hacia articulo
4710,47,Hacia articulo
4801,48,Hacia articulo
4804,48,Hacia articulo
4810,48,Hacia articulo
4809,48,Hacia articulo
4808,48,Hacia articulo
4807,48,Hacia articulo
4806,48,Hacia articulo
4805,48,Hacia articulo
4803,48,Hacia articulo
4802,48,Hacia articulo
4903,49,Hacia articulo
4902,49,Hacia articulo
4916,49,Hacia articulo
4915,49,Hacia articulo
4914,49,Hacia articulo
4901,49,Hacia articulo
4917,49,Hacia articulo
4912,49,Hacia articulo
4911,49,Hacia articulo
4913,49,Hacia articulo
4909,49,Hacia articulo
4908,49,Hacia articulo
4907,49,Hacia articulo
4906,49,Hacia articulo
4905,49,Hacia articulo
4904,49,Hacia articulo
4910,49,Hacia articulo
5111,51,Hacia articulo
5112,51,Hacia articulo
5113,51,Hacia articulo
5114,51,Hacia articulo
5115,51,Hacia articulo
5116,51,Hacia articulo
5102,51,Hacia articulo
5108,51,Hacia articulo
5101,51,Hacia articulo
5103,51,Hacia articulo
5104,51,Hacia articulo
5106,51,Hacia articulo
5107,51,Hacia articulo
5117,51,Hacia articulo
5105,51,Hacia articulo
5110,51,Hacia articulo
5109,51,Hacia articulo
5205,52,Hacia articulo
5202,52,Hacia articulo
5203,52,Hacia articulo
5207,52,Hacia articulo
5208,52,Hacia articulo
5209,52,Hacia articulo
5204,52,Hacia articulo
5211,52,Hacia articulo
5206,52,Hacia articulo
5210,52,Hacia articulo
5201,52,Hacia articulo
5311,53,Hacia articulo
5313,53,Hacia articulo
5318,53,Hacia articulo
5315,53,Hacia articulo
5316,53,Hacia articulo
5317,53,Hacia articulo
5314,53,Hacia articulo
5310,53,Hacia articulo
5312,53,Hacia articulo
5309,53,Hacia articulo
5308,53,Hacia articulo
5307,53,Hacia articulo
5306,53,Hacia articulo
5305,53,Hacia articulo
5304,53,Hacia articulo
5303,53,Hacia articulo
5302,53,Hacia articulo
5301,53,Hacia articulo
5414,54,Hacia articulo
5412,54,Hacia articulo
5408,54,Hacia articulo
5411,54,Hacia articulo
5410,54,Hacia articulo
5415,54,Hacia articulo
5413,54,Hacia articulo
5407,54,Hacia articulo
5416,54,Hacia articulo
5417,54,Hacia articulo
5418,54,Hacia articulo
5401,54,Hacia articulo
5402,54,Hacia articulo
5403,54,Hacia articulo
5404,54,Hacia articulo
5405,54,Hacia articulo
5406,54,Hacia articulo
5409,54,Hacia articulo
5511,55,Hacia articulo
5512,55,Hacia articulo
5505,55,Hacia articulo
5502,55,Hacia articulo
5501,55,Hacia articulo
5504,55,Hacia articulo
5506,55,Hacia articulo
5507,55,Hacia articulo
5503,55,Hacia articulo
5508,55,Hacia articulo
5510,55,Hacia articulo
5517,55,Hacia articulo
5516,55,Hacia articulo
5515,55,Hacia articulo
5514,55,Hacia articulo
5513,55,Hacia articulo
5509,55,Hacia articulo
5613,56,Hacia articulo
5615,56,Hacia articulo
5614,56,Hacia articulo
5617,56,Hacia articulo
5618,56,Hacia articulo
5612,56,Hacia articulo
5616,56,Hacia articulo
5611,56,Hacia articulo
5606,56,Hacia articulo
5609,56,Hacia articulo
5608,56,Hacia articulo
5607,56,Hacia articulo
5605,56,Hacia articulo
5604,56,Hacia articulo
5603,56,Hacia articulo
5602,56,Hacia articulo
5601,56,Hacia articulo
5610,56,Hacia articulo
5704,57,Hacia articulo
5702,57,Hacia articulo
5703,57,Hacia articulo
5705,57,Hacia articulo
5701,57,Hacia articulo
5707,57,Hacia articulo
5706,57,Hacia articulo
5718,57,Hacia articulo
5716,57,Hacia articulo
5715,57,Hacia articulo
5714,57,Hacia articulo
5717,57,Hacia articulo
5712,57,Hacia articulo
5711,57,Hacia articulo
5710,57,Hacia articulo
5709,57,Hacia articulo
5708,57,Hacia articulo
5713,57,Hacia articulo
5829,58,Hacia articulo
5823,58,Hacia articulo
5824,58,Hacia articulo
5825,58,Hacia articulo
5826,58,Hacia articulo
5827,58,Hacia articulo
5828,58,Hacia articulo
5830,58,Hacia articulo
5836,58,Hacia articulo
5832,58,Hacia articulo
5833,58,Hacia articulo
5834,58,Hacia articulo
5835,58,Hacia articulo
5837,58,Hacia articulo
5838,58,Hacia articulo
5839,58,Hacia articulo
5831,58,Hacia articulo
5821,58,Hacia articulo
5822,58,Hacia articulo
5819,58,Hacia articulo
5808,58,Hacia articulo
5820,58,Hacia articulo
5807,58,Hacia articulo
5806,58,Hacia articulo
5805,58,Hacia articulo
5801,58,Hacia articulo
5802,58,Hacia articulo
5809,58,Hacia articulo
5804,58,Hacia articulo
5811,58,Hacia articulo
5810,58,Hacia articulo
5818,58,Hacia articulo
5817,58,Hacia articulo
5816,58,Hacia articulo
5803,58,Hacia articulo
5814,58,Hacia articulo
5813,58,Hacia articulo
5812,58,Hacia articulo
5815,58,Hacia articulo
5914,59,Hacia articulo
5913,59,Hacia articulo
5912,59,Hacia articulo
5911,59,Hacia articulo
5910,59,Hacia articulo
5909,59,Hacia articulo
5907,59,Hacia articulo
5906,59,Hacia articulo
5905,59,Hacia articulo
5903,59,Hacia articulo
5902,59,Hacia articulo
5901,59,Hacia articulo
5908,59,Hacia articulo
5904,59,Hacia articulo
5916,59,Hacia articulo
5915,59,Hacia articulo
6012,60,Hacia articulo
6013,60,Hacia articulo
6011,60,Hacia articulo
6010,60,Hacia articulo
6009,60,Hacia articulo
6007,60,Hacia articulo
6008,60,Hacia articulo
6005,60,Hacia articulo
6004,60,Hacia articulo
6003,60,Hacia articulo
6002,60,Hacia articulo
6001,60,Hacia articulo
6006,60,Hacia articulo
6211,62,Hacia articulo
6210,62,Hacia articulo
6209,62,Hacia articulo
6208,62,Hacia articulo
6216,62,Hacia articulo
6206,62,Hacia articulo
6205,62,Hacia articulo
6204,62,Hacia articulo
6212,62,Hacia articulo
6207,62,Hacia articulo
6213,62,Hacia articulo
6202,62,Hacia articulo
6215,62,Hacia articulo
6201,62,Hacia articulo
6217,62,Hacia articulo
6218,62,Hacia articulo
6219,62,Hacia articulo
6203,62,Hacia articulo
6214,62,Hacia articulo
6308,63,Hacia articulo
6309,63,Hacia articulo
6310,63,Hacia articulo
6311,63,Hacia articulo
6307,63,Hacia articulo
6313,63,Hacia articulo
6306,63,Hacia articulo
6305,63,Hacia articulo
6304,63,Hacia articulo
6303,63,Hacia articulo
6302,63,Hacia articulo
6301,63,Hacia articulo
6312,63,Hacia articulo
6420,64,Hacia articulo
6421,64,Hacia articulo
6406,64,Hacia articulo
6401,64,Hacia articulo
6402,64,Hacia articulo
6403,64,Hacia articulo
6404,64,Hacia articulo
6405,64,Hacia articulo
6407,64,Hacia articulo
6408,64,Hacia articulo
6410,64,Hacia articulo
6409,64,Hacia articulo
6412,64,Hacia articulo
6413,64,Hacia articulo
6414,64,Hacia articulo
6415,64,Hacia articulo
6416,64,Hacia articulo
6417,64,Hacia articulo
6418,64,Hacia articulo
6419,64,Hacia articulo
6411,64,Hacia articulo
6515,65,Hacia articulo
6513,65,Hacia articulo
6514,65,Hacia articulo
6516,65,Hacia articulo
6512,65,Hacia articulo
6518,65,Hacia articulo
6519,65,Hacia articulo
6511,65,Hacia articulo
6517,65,Hacia articulo
6510,65,Hacia articulo
6509,65,Hacia articulo
6508,65,Hacia articulo
6507,65,Hacia articulo
6506,65,Hacia articulo
6505,65,Hacia articulo
6504,65,Hacia articulo
6503,65,Hacia articulo
6502,65,Hacia articulo
6501,65,Hacia articulo
6614,66,Hacia articulo
6613,66,Hacia articulo
6612,66,Hacia articulo
6611,66,Hacia articulo
6610,66,Hacia articulo
6609,66,Hacia articulo
6608,66,Hacia articulo
6605,66,Hacia articulo
6606,66,Hacia articulo
6604,66,Hacia articulo
6603,66,Hacia articulo
6602,66,Hacia articulo
6601,66,Hacia articulo
6607,66,Hacia articulo
6707,67,Hacia articulo
6710,67,Hacia articulo
6709,67,Hacia articulo
6708,67,Hacia articulo
6706,67,Hacia articulo
6702,67,Hacia articulo
6704,67,Hacia articulo
6703,67,Hacia articulo
6701,67,Hacia articulo
6711,67,Hacia articulo
6705,67,Hacia articulo
6712,67,Hacia articulo
6814,68,Hacia articulo
6802,68,Hacia articulo
6816,68,Hacia articulo
6815,68,Hacia articulo
6813,68,Hacia articulo
6811,68,Hacia articulo
6801,68,Hacia articulo
6810,68,Hacia articulo
6812,68,Hacia articulo
6808,68,Hacia articulo
6807,68,Hacia articulo
6806,68,Hacia articulo
6805,68,Hacia articulo
6804,68,Hacia articulo
6803,68,Hacia articulo
6809,68,Hacia articulo
6909,69,Hacia articulo
6915,69,Hacia articulo
6914,69,Hacia articulo
6913,69,Hacia articulo
6912,69,Hacia articulo
6911,69,Hacia articulo
6910,69,Hacia articulo
6908,69,Hacia articulo
6903,69,Hacia articulo
6906,69,Hacia articulo
6905,69,Hacia articulo
6904,69,Hacia articulo
6902,69,Hacia articulo
6901,69,Hacia articulo
6907,69,Hacia articulo
7008,70,Hacia articulo
7013,70,Hacia articulo
7014,70,Hacia articulo
7011,70,Hacia articulo
7010,70,Hacia articulo
7009,70,Hacia articulo
7007,70,Hacia articulo
7012,70,Hacia articulo
7005,70,Hacia articulo
7004,70,Hacia articulo
7003,70,Hacia articulo
7002,70,Hacia articulo
7001,70,Hacia articulo
7006,70,Hacia articulo
7113,71,Hacia articulo
7112,71,Hacia articulo
7111,71,Hacia articulo
7109,71,Hacia articulo
7108,71,Hacia articulo
7107,71,Hacia articulo
7106,71,Hacia articulo
7105,71,Hacia articulo
7104,71,Hacia articulo
7103,71,Hacia articulo
7110,71,Hacia articulo
7101,71,Hacia articulo
7102,71,Hacia articulo
7204,72,Hacia articulo
7203,72,Hacia articulo
7202,72,Hacia articulo
7201,72,Hacia articulo
7208,72,Hacia articulo
7205,72,Hacia articulo
7210,72,Hacia articulo
7209,72,Hacia articulo
7207,72,Hacia articulo
7214,72,Hacia articulo
7206,72,Hacia articulo
7212,72,Hacia articulo
7211,72,Hacia articulo
7213,72,Hacia articulo
7314,73,Hacia articulo
7313,73,Hacia articulo
7312,73,Hacia articulo
7311,73,Hacia articulo
7310,73,Hacia articulo
7309,73,Hacia articulo
7308,73,Hacia articulo
7306,73,Hacia articulo
7315,73,Hacia articulo
7304,73,Hacia articulo
7303,73,Hacia articulo
7302,73,Hacia articulo
7307,73,Hacia articulo
7305,73,Hacia articulo
7301,73,Hacia articulo
7410,74,Hacia articulo
7401,74,Hacia articulo
7402,74,Hacia articulo
7403,74,Hacia articulo
7404,74,Hacia articulo
7405,74,Hacia articulo
7406,74,Hacia articulo
7407,74,Hacia articulo
7408,74,Hacia articulo
7409,74,Hacia articulo
7411,74,Hacia articulo
7412,74,Hacia articulo
7413,74,Hacia articulo
7515,75,Hacia articulo
7516,75,Hacia articulo
7517,75,Hacia articulo
7508,75,Hacia articulo
7507,75,Hacia articulo
7509,75,Hacia articulo
7514,75,Hacia articulo
7518,75,Hacia articulo
7513,75,Hacia articulo
7506,75,Hacia articulo
7511,75,Hacia articulo
7510,75,Hacia articulo
7505,75,Hacia articulo
7504,75,Hacia articulo
7503,75,Hacia articulo
7502,75,Hacia articulo
7501,75,Hacia articulo
7512,75,Hacia articulo
7612,76,Hacia articulo
7619,76,Hacia articulo
7618,76,Hacia articulo
7616,76,Hacia articulo
7615,76,Hacia articulo
7614,76,Hacia articulo
7613,76,Hacia articulo
7611,76,Hacia articulo
7617,76,Hacia articulo
7609,76,Hacia articulo
7610,76,Hacia articulo
7603,76,Hacia articulo
7604,76,Hacia articulo
7601,76,Hacia articulo
7602,76,Hacia articulo
7606,76,Hacia articulo
7607,76,Hacia articulo
7608,76,Hacia articulo
7605,76,Hacia articulo
7712,77,Hacia articulo
7717,77,Hacia articulo
7716,77,Hacia articulo
7715,77,Hacia articulo
7714,77,Hacia articulo
7713,77,Hacia articulo
7711,77,Hacia articulo
7709,77,Hacia articulo
7708,77,Hacia articulo
7707,77,Hacia articulo
7706,77,Hacia articulo
7705,77,Hacia articulo
7704,77,Hacia articulo
7703,77,Hacia articulo
7702,77,Hacia articulo
7701,77,Hacia articulo
7710,77,Hacia articulo
7812,78,Hacia articulo
7817,78,Hacia articulo
7816,78,Hacia articulo
7815,78,Hacia articulo
7814,78,Hacia articulo
7813,78,Hacia articulo
7811,78,Hacia articulo
7801,78,Hacia articulo
7809,78,Hacia articulo
7808,78,Hacia articulo
7807,78,Hacia articulo
7806,78,Hacia articulo
7805,78,Hacia articulo
7804,78,Hacia articulo
7803,78,Hacia articulo
7802,78,Hacia articulo
7810,78,Hacia articulo
7907,79,Hacia articulo
7906,79,Hacia articulo
7905,79,Hacia articulo
7901,79,Hacia articulo
7903,79,Hacia articulo
7908,79,Hacia articulo
7904,79,Hacia articulo
7909,79,Hacia articulo
7902,79,Hacia articulo
7911,79,Hacia articulo
7912,79,Hacia articulo
7913,79,Hacia articulo
7914,79,Hacia articulo
7915,79,Hacia articulo
7910,79,Hacia articulo
8017,80,Hacia articulo
8016,80,Hacia articulo
8015,80,Hacia articulo
8014,80,Hacia articulo
8013,80,Hacia articulo
8012,80,Hacia articulo
8011,80,Hacia articulo
8005,80,Hacia articulo
8009,80,Hacia articulo
8008,80,Hacia articulo
8007,80,Hacia articulo
8006,80,Hacia articulo
8004,80,Hacia articulo
8003,80,Hacia articulo
8002,80,Hacia articulo
8010,80,Hacia articulo
8001,80,Hacia articulo
8112,81,Hacia articulo
8111,81,Hacia articulo
8110,81,Hacia articulo
8109,81,Hacia articulo
8108,81,Hacia articulo
8107,81,Hacia articulo
8106,81,Hacia articulo
8105,81,Hacia articulo
8104,81,Hacia articulo
8103,81,Hacia articulo
8102,81,Hacia articulo
8101,81,Hacia articulo
8215,82,Hacia articulo
8214,82,Hacia articulo
8213,82,Hacia articulo
8212,82,Hacia articulo
8210,82,Hacia articulo
8209,82,Hacia articulo
8211,82,Hacia articulo
8207,82,Hacia articulo
8208,82,Hacia articulo
8201,82,Hacia articulo
8202,82,Hacia articulo
8204,82,Hacia articulo
8205,82,Hacia articulo
8206,82,Hacia articulo
8203,82,Hacia articulo
8321,83,Hacia articulo
8320,83,Hacia articulo
8319,83,Hacia articulo
8318,83,Hacia articulo
8317,83,Hacia articulo
8316,83,Hacia articulo
8315,83,Hacia articulo
8314,83,Hacia articulo
8313,83,Hacia articulo
8312,83,Hacia articulo
8309,83,Hacia articulo
8308,83,Hacia articulo
8307,83,Hacia articulo
8306,83,Hacia articulo
8305,83,Hacia articulo
8304,83,Hacia articulo
8303,83,Hacia articulo
8302,83,Hacia articulo
8301,83,Hacia articulo
8311,83,Hacia articulo
8310,83,Hacia articulo
8401,84,Hacia articulo
8402,84,Hacia articulo
8520,85,Hacia articulo
8501,85,Hacia articulo
8521,85,Hacia articulo
8517,85,Hacia articulo
8516,85,Hacia articulo
8515,85,Hacia articulo
8514,85,Hacia articulo
8513,85,Hacia articulo
8512,85,Hacia articulo
8511,85,Hacia articulo
8518,85,Hacia articulo
8509,85,Hacia articulo
8510,85,Hacia articulo
8502,85,Hacia articulo
8503,85,Hacia articulo
8504,85,Hacia articulo
8519,85,Hacia articulo
8506,85,Hacia articulo
8507,85,Hacia articulo
8508,85,Hacia articulo
8505,85,Hacia articulo
8715,87,Hacia articulo
8714,87,Hacia articulo
8713,87,Hacia articulo
8712,87,Hacia articulo
8711,87,Hacia articulo
8710,87,Hacia articulo
8708,87,Hacia articulo
8707,87,Hacia articulo
8706,87,Hacia articulo
8704,87,Hacia articulo
8703,87,Hacia articulo
8702,87,Hacia articulo
8701,87,Hacia articulo
8709,87,Hacia articulo
8705,87,Hacia articulo
